{"cameraMode":{"drawMode":0,"name":"Shaded","section":"Shading Mode"},"sceneLighting":true,"audioPlay":false,"sceneViewState":{"m_AlwaysRefresh":false,"showFog":true,"showSkybox":true,"showFlares":true,"showImageEffects":true,"showParticleSystems":true,"showVisualEffectGraphs":true,"m_FxEnabled":true},"in2DMode":false,"pivot":{"x":1.4690191745758057,"y":-1.8049445152282715,"z":0.7659046649932861},"rotation":{"x":-0.20103348791599275,"y":0.4953950345516205,"z":-0.11903365701436997,"w":-0.8366623520851135},"size":2.1722168922424318,"orthographic":false}